filename,category,mode,yolo_model,llm_model,configuration,description,detection_latency,ocr_latency,depth_latency,generation_latency,total_latency,num_objects_detected,objects_detected,ocr_text,ocr_num_texts,depth_mean,word_count,tokens_used,success,error,timestamp
INDOOR_Navigation_AccessibilityRamp_EntryDoor_BrickFacade.jpg,indoor,depth,yolov8n,gpt-4o-mini,YOLOv8N+Depth-Anything+gpt-4o-mini,"In this scene, there is a dining table located directly in front of you, approximately 1.19 meters ahead. The table is positioned at the center bottom of your view. 

Please be cautious as you navigate forward; the table is at a distance where you may need to adjust your path to avoid bumping into it. If you are moving straight ahead, be aware that it is just under 1.2 meters from your current position.",0.0843658447265625,,0.7915530204772949,3.7849769592285156,5.129340887069702,1,"[{'class': 'dining table', 'bbox': [169.29443359375, 386.1349182128906, 866.6988525390625, 658.390380859375], 'confidence': 0.31138989329338074, 'h_position': 'center', 'v_position': 'bottom', 'position': 'center bottom', 'size': 'large', 'area_ratio': 0.27187980584734694}]",,,68.18915099202712,74,292,True,,2025-11-24T16:00:44.834811
INDOOR_Navigation_ArchwayEntrance_Staircase_Wayfinding.jpg,indoor,depth,yolov8n,gpt-4o-mini,YOLOv8N+Depth-Anything+gpt-4o-mini,"In front of you, there are two objects that you should be aware of to navigate safely. 

1. **Chair**: There is a chair located approximately 1.4 meters (14.00 depth value) to your left center. Please be cautious as you move in that direction, as it is relatively close.

2. **Potted Plant**: Directly in front of you, at the center of your field of view, there is a potted plant positioned around 0.9 meters (31.00 depth value) ahead. Be mindful of this object as you approach; it is closer than the chair.

To summarize: 
- You have a chair 1.4 meters to your left center.
- There is a potted plant 0.9 meters directly ahead. 

Please navigate carefully around these objects.",0.07703590393066406,,0.454970121383667,3.928439140319824,4.392371892929077,2,"[{'class': 'potted plant', 'bbox': [441.01055908203125, 335.32684326171875, 564.8765869140625, 537.6636352539062], 'confidence': 0.4037816822528839, 'h_position': 'center', 'v_position': 'center', 'position': 'center center', 'size': 'medium', 'area_ratio': 0.028868770773148436}, {'class': 'chair', 'bbox': [155.68032836914062, 330.9881591796875, 355.26348876953125, 496.7057800292969], 'confidence': 0.3684866726398468, 'h_position': 'left', 'v_position': 'center', 'position': 'left center', 'size': 'medium', 'area_ratio': 0.038097264913184006}]",,,113.16028533976534,120,396,True,,2025-11-24T16:00:49.733960
INDOOR_Navigation_BlindManWithCane_TactileSignage_Hallway.jpg,indoor,depth,yolov8n,gpt-4o-mini,YOLOv8N+Depth-Anything+gpt-4o-mini,"In the scene, there is a person detected to your left, approximately 1 meter away from you (since the depth value for the person is 92.00 cm). They are positioned at the left center of your field of view. Please be cautious as you navigate in that direction, ensuring to maintain a safe distance from them. 

To summarize:
- There is a person 1 meter to your left.",0.0789949893951416,,0.22695207595825195,2.8435258865356445,3.07914400100708,1,"[{'class': 'person', 'bbox': [147.7597198486328, 156.5712432861328, 322.73150634765625, 654.9375610351562], 'confidence': 0.9162881374359131, 'h_position': 'left', 'v_position': 'center', 'position': 'left center', 'size': 'large', 'area_ratio': 0.11146112012613506}]",,,132.01619125286322,68,301,True,,2025-11-24T16:00:53.319403
INDOOR_Navigation_CurvingStaircase_FoyerAccess_HardwoodFloor.jpg,indoor,depth,yolov8n,gpt-4o-mini,YOLOv8N+Depth-Anything+gpt-4o-mini,"In your immediate environment, there are three notable objects that I will describe along with their distances from your current position. 

1. **Dining Table**: This object is located towards the right bottom of your field of vision. It is approximately **4.3 meters** away from you. Be cautious as this may be a surface you could bump into if you're moving in that direction.

2. **Potted Plant**: This is situated at the right center of your view, closer than the dining table. The potted plant is about **3.7 meters** away from you. It's important to be aware of this object, as it may be positioned near pathways.

3. **Vase**: The vase is also located at the right center, very close to the potted plant, at a distance of around **3.8 meters** from you. Take care as this could be on or near a surface that you would want to steer clear of, especially if you are walking in that area.

To summarize, if you are moving towards the right side of the space, the potted plant and vase are approximately **3.7 to 3.8 meters** away, while the dining table is further back at about **4.3 meters**. Keep these distances in mind to navigate safely.",0.0585629940032959,,0.5282630920410156,6.939186096191406,7.480885982513428,3,"[{'class': 'potted plant', 'bbox': [268.1683044433594, 53.48802947998047, 307.8519592285156, 107.12004852294922], 'confidence': 0.7860368490219116, 'h_position': 'right', 'v_position': 'center', 'position': 'right center', 'size': 'medium', 'area_ratio': 0.03694990370008681}, {'class': 'vase', 'bbox': [277.55126953125, 80.26394653320312, 298.65478515625, 106.99519348144531], 'confidence': 0.5611342191696167, 'h_position': 'right', 'v_position': 'center', 'position': 'right center', 'size': 'small', 'area_ratio': 0.009793807135687935}, {'class': 'dining table', 'bbox': [257.9530029296875, 95.33218383789062, 317.8228759765625, 179.27044677734375], 'confidence': 0.3049637973308563, 'h_position': 'right', 'v_position': 'bottom', 'position': 'right bottom', 'size': 'large', 'area_ratio': 0.08724605984157986}]",,,88.2604513888889,203,516,True,,2025-11-24T16:01:01.306283
INDOOR_Navigation_ElevatorLobby_LongHallway_MarbleFlooring.jpg,indoor,depth,yolov8n,gpt-4o-mini,YOLOv8N+Depth-Anything+gpt-4o-mini,"The scene is clear of any detectable objects, providing an unobstructed view in front of you. The mean depth is approximately 120 centimeters, which indicates that you are in a space where the closest point is 1.2 meters ahead of you. 

Since no objects are present, you can navigate freely without obstacles. You have open space extending in all directions, allowing for safe movement. 

For further context, if you were to walk straight ahead, you would remain clear for at least 1.2 meters. Be aware that beyond this distance, the depth range extends up to 255 centimeters, suggesting that your environment continues to open up further ahead. Continue to move confidently, maintaining awareness of your surroundings since there are currently no barriers or obstacles in your immediate path.",0.0687260627746582,,0.19967412948608398,4.309113025665283,4.515883207321167,0,[],,,120.351175,128,327,True,,2025-11-24T16:01:06.328496
INDOOR_Navigation_LivingRoom_HallwayEntrance_MAINSTSign.jpg,indoor,depth,yolov8n,gpt-4o-mini,YOLOv8N+Depth-Anything+gpt-4o-mini,"In the space you are navigating, there are several objects detected around you. Here’s a detailed description to help you orient yourself:

1. **Potted Plants**: There are five potted plants, positioned at various locations. The nearest potted plant is about 2.7 meters to your left (depth of 27.00). 

2. **Chairs**: Two chairs are located directly in front of you, approximately 6.4 meters ahead (depth of 64.00). Be cautious as you approach, as they may be in your path.

3. **Couch**: There is a couch situated slightly to your right, around 6.1 meters away (depth of 61.00). Ensure you navigate around it as you move forward.

4. **Bowl**: A bowl is located at the right center of the room, about 16.6 meters away (depth of 166.00). This is further away and should not obstruct your immediate path.

5. **Dining Table**: The dining table is the furthest object detected, positioned approximately 20.8 meters away (depth of 208.00) at the right bottom of your view. It is not an immediate concern for navigation, but be aware of it as you move forward.

To summarize, prioritize avoiding the chairs directly in front of you at 6.4 meters and the couch to your right at 6.1 meters. The nearest potted plant",0.07788205146789551,,0.24608111381530762,6.8125269412994385,7.067110776901245,10,"[{'class': 'potted plant', 'bbox': [0.0, 134.0194854736328, 81.81681823730469, 618.6444702148438], 'confidence': 0.6386146545410156, 'h_position': 'left', 'v_position': 'center', 'position': 'left center', 'size': 'large', 'area_ratio': 0.056692779675060624}, {'class': 'potted plant', 'bbox': [842.7056884765625, 308.25048828125, 954.9728393554688, 436.1898498535156], 'confidence': 0.637749969959259, 'h_position': 'right', 'v_position': 'center', 'position': 'right center', 'size': 'medium', 'area_ratio': 0.02053696309839475}, {'class': 'potted plant', 'bbox': [653.3632202148438, 407.92205810546875, 728.0521240234375, 478.3121032714844], 'confidence': 0.5871990323066711, 'h_position': 'right', 'v_position': 'center', 'position': 'right center', 'size': 'small', 'area_ratio': 0.007517036895975361}, {'class': 'potted plant', 'bbox': [537.4329833984375, 323.4385681152344, 592.7687377929688, 382.4081115722656], 'confidence': 0.5252938270568848, 'h_position': 'center', 'v_position': 'center', 'position': 'center center', 'size': 'small', 'area_ratio': 0.004665658554255875}, {'class': 'potted plant', 'bbox': [463.5401306152344, 351.1070251464844, 506.0000915527344, 388.60760498046875], 'confidence': 0.5234083533287048, 'h_position': 'center', 'v_position': 'center', 'position': 'center center', 'size': 'small', 'area_ratio': 0.002276653426632525}, {'class': 'chair', 'bbox': [431.7776794433594, 397.5873107910156, 554.9036865234375, 516.9779052734375], 'confidence': 0.5073100328445435, 'h_position': 'center', 'v_position': 'bottom', 'position': 'center bottom', 'size': 'medium', 'area_ratio': 0.02101838012739994}, {'class': 'couch', 'bbox': [419.26513671875, 382.0474548339844, 601.8836059570312, 514.9056396484375], 'confidence': 0.4376286268234253, 'h_position': 'center', 'v_position': 'center', 'position': 'center center', 'size': 'medium', 'area_ratio': 0.03469064190307439}, {'class': 'bowl', 'bbox': [915.7205200195312, 413.26678466796875, 1008.8521728515625, 447.05389404296875], 'confidence': 0.4267084300518036, 'h_position': 'right', 'v_position': 'center', 'position': 'right center', 'size': 'small', 'area_ratio': 0.004499121256838082}, {'class': 'chair', 'bbox': [422.42791748046875, 403.6326599121094, 507.86932373046875, 516.1464233398438], 'confidence': 0.34474968910217285, 'h_position': 'center', 'v_position': 'bottom', 'position': 'center bottom', 'size': 'medium', 'area_ratio': 0.013745273014811436}, {'class': 'dining table', 'bbox': [803.5980834960938, 425.83172607421875, 1023.607421875, 667.1053466796875], 'confidence': 0.2518361806869507, 'h_position': 'right', 'v_position': 'bottom', 'position': 'right bottom', 'size': 'large', 'area_ratio': 0.07589799314082803}]",,,105.99823132091873,206,650,True,,2025-11-24T16:01:13.901837
INDOOR_Navigation_LongHallway_AccessPoints_ModernDesign.jpg,indoor,depth,yolov8n,gpt-4o-mini,YOLOv8N+Depth-Anything+gpt-4o-mini,"The scene appears to be clear of any detected objects. The mean depth is approximately 115.57 centimeters, which indicates that the space around you is relatively open, with no immediate obstacles within about 1.15 meters.

Since no objects are present, you can safely navigate straight ahead. You are currently in an area where you can move forward without encountering any obstacles for at least the next 1.15 meters. 

Keep in mind to remain aware of your surroundings as you navigate, as there may still be elements not detected that could pose a risk within the larger depth range of 0.00 to 255.00 centimeters. Always proceed with caution, especially in unfamiliar areas.",0.14788293838500977,,0.5219631195068359,3.0520501136779785,3.5883748531341553,0,[],,,115.57085804440389,111,309,True,,2025-11-24T16:01:17.997035
INDOOR_Navigation_OfficeLobby_HRSignage_GlassWalledHallway.jpg,indoor,depth,yolov8n,gpt-4o-mini,YOLOv8N+Depth-Anything+gpt-4o-mini,"In front of you, there is a small arrangement of furniture and decor. Here’s a detailed description to help you navigate:

1. **Potted Plant**: There is a potted plant directly in front of you, approximately **0.3 meters** (about 1 foot) away. This is the closest object to you.

2. **Vase**: Just slightly to the left of the potted plant, there is a vase which is about **0.27 meters** (just under 1 foot) away from you. Be cautious as it is quite close.

3. **Couch**: To the right of the potted plant, there are two couches. The nearest couch is about **0.4 meters** (about 1.3 feet) away from you. The second couch, which is also to the right, is at a similar distance of approximately **0.4 meters** as well.

4. **Chair**: Finally, there is a chair positioned slightly behind the couches, approximately **0.41 meters** (about 1.3 feet) away from you, also towards the right.

Please be mindful of your surroundings as you move. The potted plant and vase are very close and could obstruct your path. The couches and chair are also positioned quite closely together, so watch your step as you navigate through the area.",0.07359886169433594,,0.2349870204925537,6.009512186050415,6.253870725631714,5,"[{'class': 'potted plant', 'bbox': [431.41717529296875, 286.51763916015625, 479.2334899902344, 342.0024108886719], 'confidence': 0.6935424208641052, 'h_position': 'center', 'v_position': 'center', 'position': 'center center', 'size': 'small', 'area_ratio': 0.005976691790518051}, {'class': 'couch', 'bbox': [637.477783203125, 314.8633728027344, 744.3863525390625, 406.2138671875], 'confidence': 0.5469403862953186, 'h_position': 'right', 'v_position': 'center', 'position': 'right center', 'size': 'medium', 'area_ratio': 0.02200059109768103}, {'class': 'couch', 'bbox': [536.8614501953125, 316.1640319824219, 638.6561889648438, 394.227294921875], 'confidence': 0.2715969383716583, 'h_position': 'right', 'v_position': 'center', 'position': 'right center', 'size': 'medium', 'area_ratio': 0.017901234698268095}, {'class': 'chair', 'bbox': [637.3109130859375, 315.3002014160156, 743.1759033203125, 406.5893859863281], 'confidence': 0.26749348640441895, 'h_position': 'right', 'v_position': 'center', 'position': 'right center', 'size': 'medium', 'area_ratio': 0.021771214275074117}, {'class': 'vase', 'bbox': [435.26226806640625, 319.362060546875, 464.3829040527344, 341.9809265136719], 'confidence': 0.25797539949417114, 'h_position': 'center', 'v_position': 'center', 'position': 'center center', 'size': 'small', 'area_ratio': 0.0014838248388165008}]",,,80.75163999423299,195,565,True,,2025-11-24T16:01:24.768293
INDOOR_Navigation_SensoryPath_HospitalClinic_FloorDecals.jpg,indoor,depth,yolov8n,gpt-4o-mini,YOLOv8N+Depth-Anything+gpt-4o-mini,"The scene appears to be clear of any objects, with a mean depth of approximately 112 meters. This suggests that you are in an open space, likely with no immediate obstacles in your vicinity. 

To provide a sense of spatial relationships: 

- There are no objects detected directly in front of you or to either side, indicating a wide, unobstructed area.
- The nearest detectable distance is 0 meters (the range starts from here), suggesting you are very close to the ground or a surface, but since no objects are present, it is safe to assume you can move freely without encountering obstacles.

For navigation, you can proceed forward in any direction without the risk of colliding with objects, as there are none detected within the range of 0 to 255 meters. Always remain aware of your surroundings as you move.",0.09134793281555176,,0.21888208389282227,5.500191926956177,5.731315851211548,0,[],,,111.97738611111112,141,338,True,,2025-11-24T16:01:31.002944
INDOOR_Navigation_SlatPartition_GlassDoors_EntranceExit.jpg,indoor,depth,yolov8n,gpt-4o-mini,YOLOv8N+Depth-Anything+gpt-4o-mini,"In the scene, there is a chair located towards your left side, approximately 1.5 meters away (72 cm depth). The chair is positioned near the bottom left of your field of vision. Please be cautious as you navigate; take care to avoid this chair as you move to your right or forward. 

To summarize:
- There is a chair 1.5 meters to your left. 
- Ensure to adjust your path to avoid colliding with it.",0.0818490982055664,,0.4098019599914551,3.1648619174957275,3.5858259201049805,1,"[{'class': 'chair', 'bbox': [263.1486511230469, 1647.376220703125, 662.5830078125, 2224.50439453125], 'confidence': 0.8116644620895386, 'h_position': 'left', 'v_position': 'bottom', 'position': 'left bottom', 'size': 'medium', 'area_ratio': 0.04170372165628256}]",,,100.76256331770291,75,294,True,,2025-11-24T16:01:35.096812
OUTDOOR_EmptyParkingLot_Night_BlueStreetlights_HighContrast.png,outdoor,depth,yolov8n,gpt-4o-mini,YOLOv8N+Depth-Anything+gpt-4o-mini,"The scene is clear of any detected objects, indicating an open area. The mean depth is approximately 68 meters ahead, which suggests that you are in a relatively unobstructed space. 

Since there are no objects present, you can move freely in this area. It is safe to proceed forward without worrying about obstacles up to about 68 meters ahead. However, always remain alert as you navigate, as the lack of detected objects does not guarantee that there are no unseen hazards nearby. 

If you need to adjust your direction, feel free to do so, but be mindful of your surroundings as you proceed forward.",0.06138277053833008,,0.12424778938293457,3.815464973449707,3.9453938007354736,0,[],,,68.1076118887161,104,294,True,,2025-11-24T16:01:39.549805
OUTDOOR_Navigation_ResidentialEntrance_StairsAndRailing_HouseNumber.png,outdoor,depth,yolov8n,gpt-4o-mini,YOLOv8N+Depth-Anything+gpt-4o-mini,"In the scene, there are two objects detected: a bench and a chair, both positioned towards the left bottom area of your current viewpoint. 

Both the bench and the chair are approximately 1.3 meters (129 cm) away from you. They are located close together, so you should be cautious as you navigate in that direction. 

To summarize their positions:
- The bench is directly to your left, at a distance of about 1.3 meters.
- The chair is also to your left, positioned at the same distance of about 1.3 meters as the bench.

As you move forward, be mindful of these objects to avoid any potential collisions.",0.1315929889678955,,0.28600597381591797,4.476217746734619,4.7714221477508545,2,"[{'class': 'bench', 'bbox': [0.22417068481445312, 376.102294921875, 84.37284088134766, 510.97686767578125], 'confidence': 0.5059234499931335, 'h_position': 'left', 'v_position': 'bottom', 'position': 'left bottom', 'size': 'medium', 'area_ratio': 0.02360548174916805}, {'class': 'chair', 'bbox': [1.1146926879882812, 379.0343322753906, 83.84732818603516, 509.1066589355469], 'confidence': 0.35238510370254517, 'h_position': 'left', 'v_position': 'bottom', 'position': 'left bottom', 'size': 'medium', 'area_ratio': 0.022381918807196338}]",,,113.31131655574043,108,358,True,,2025-11-24T16:01:44.827591
OUTDOOR_Navigation_StreetsideBikeRack_TrafficBarrier_UrbanStreet.png,outdoor,depth,yolov8n,gpt-4o-mini,YOLOv8N+Depth-Anything+gpt-4o-mini,"In your current environment, here are the important spatial elements and their distances:

1. **Car**: There is a car located **about 3.3 meters to your right**. This is a safety-critical element, so please be cautious as you navigate.

2. **Person**: There is a person **approximately 1.8 meters ahead and slightly to the right**. Again, be careful when moving forward to avoid a collision.

3. **Bicycle**: There is a bicycle positioned **around 2.5 meters ahead** and slightly to the left. 

4. **Additional Cars**: There are two more cars detected:
   - One car is **about 3.3 meters ahead and slightly above your current position** (center top).
   - Another car is located **approximately 3.3 meters to your left and slightly above** (left top).

5. **Bicycles**: In addition to the one mentioned earlier, there is another bicycle **about 2.5 meters to your left**.

To summarize for safe navigation: 
- Watch out for the car on your right (3.3 meters away).
- Be aware of the person directly ahead and slightly to the right (1.8 meters away).
- A bicycle is in front of you and slightly to the left (2.5 meters away).
- Additional cars are present nearby, particularly at a similar distance above your current position.

Please proceed with caution as you navigate this",0.07833600044250488,,0.16044116020202637,8.456300258636475,8.623672246932983,9,"[{'class': 'bicycle', 'bbox': [89.28802490234375, 105.26509094238281, 263.5728454589844, 239.11570739746094], 'confidence': 0.8629166483879089, 'h_position': 'center', 'v_position': 'center', 'position': 'center center', 'size': 'large', 'area_ratio': 0.19440109049479168}, {'class': 'car', 'bbox': [230.4949951171875, 61.375911712646484, 386.8431701660156, 140.5224151611328], 'confidence': 0.854091227054596, 'h_position': 'right', 'v_position': 'center', 'position': 'right center', 'size': 'large', 'area_ratio': 0.1031200927734375}, {'class': 'car', 'bbox': [162.9602813720703, 51.56147003173828, 224.88197326660156, 96.34730529785156], 'confidence': 0.530455470085144, 'h_position': 'center', 'v_position': 'top', 'position': 'center top', 'size': 'medium', 'area_ratio': 0.02311012166341146}, {'class': 'person', 'bbox': [310.8668212890625, 50.49734115600586, 322.390625, 65.42569732666016], 'confidence': 0.4592961072921753, 'h_position': 'right', 'v_position': 'top', 'position': 'right top', 'size': 'small', 'area_ratio': 0.0014335954030354817}, {'class': 'bicycle', 'bbox': [40.58977127075195, 108.25176239013672, 195.0932159423828, 214.60948181152344], 'confidence': 0.43645015358924866, 'h_position': 'left', 'v_position': 'center', 'position': 'left center', 'size': 'large', 'area_ratio': 0.136938623046875}, {'class': 'bicycle', 'bbox': [59.790306091308594, 87.04087829589844, 147.68592834472656, 130.0102081298828], 'confidence': 0.3990585505962372, 'h_position': 'left', 'v_position': 'center', 'position': 'left center', 'size': 'medium', 'area_ratio': 0.031473465983072914}, {'class': 'car', 'bbox': [146.186767578125, 50.15510940551758, 166.27630615234375, 63.67893600463867], 'confidence': 0.38008275628089905, 'h_position': 'center', 'v_position': 'top', 'position': 'center top', 'size': 'small', 'area_ratio': 0.002264061991373698}, {'class': 'car', 'bbox': [71.0496597290039, 48.596275329589844, 118.16056060791016, 83.50758361816406], 'confidence': 0.36970239877700806, 'h_position': 'left', 'v_position': 'top', 'position': 'left top', 'size': 'medium', 'area_ratio': 0.013705859375}, {'class': 'person', 'bbox': [34.85640335083008, 47.97874450683594, 44.917293548583984, 87.17361450195312], 'confidence': 0.33095869421958923, 'h_position': 'left', 'v_position': 'top', 'position': 'left top', 'size': 'small', 'area_ratio': 0.003286127471923828}]",,,114.08365,211,734,True,,2025-11-24T16:01:53.962539
OUTDOOR_CityCrosswalk_OverheadView_CrowdCrossing_Taxis.jpg,outdoor,depth,yolov8n,gpt-4o-mini,YOLOv8N+Depth-Anything+gpt-4o-mini,"In this scene, there is a cell phone detected at the center top of your field of view. Based on the depth information, the cell phone is positioned approximately 2.3 meters away from you (228 cm). 

Since it is directly in front of you, you should be cautious if you are moving in that direction to avoid any potential obstacles. Make sure to navigate around it if you need to pass through that area. Always keep your focus on the path ahead, especially since the cell phone is in a position that might be at eye level if you were standing or walking.",0.18852472305297852,,0.9202570915222168,3.7493999004364014,4.683304071426392,1,"[{'class': 'cell phone', 'bbox': [225.08631896972656, 0.20519627630710602, 265.8534240722656, 53.006290435791016], 'confidence': 0.28598153591156006, 'h_position': 'center', 'v_position': 'top', 'position': 'center top', 'size': 'small', 'area_ratio': 0.007662821463121377}]",,,29.064861093311688,103,319,True,,2025-11-24T16:01:59.155092
OUTDOOR_CrowdedStreetMarket_ClothingVendors_UrbanSetting_Daylight.jpg,outdoor,depth,yolov8n,gpt-4o-mini,YOLOv8N+Depth-Anything+gpt-4o-mini,"In the current scene, there are multiple individuals in close proximity, primarily concentrated in the lower section of your field of view. The detected persons are positioned as follows:

1. **Central Area**: There are several people directly in front of you, approximately **76 meters away**. This is quite close, and you should exercise caution as they may be in your path.

2. **Left Side**: To your left, there are multiple individuals also about **76 meters away**. This could mean more congestion on that side, so be careful when navigating in that direction.

3. **Right Side**: There is one person detected to your right, also at approximately **76 meters away**. Make note of this individual, as they may be in your immediate vicinity.

Overall, you are surrounded by people close to your current position. It’s advisable to proceed slowly and carefully, checking for movement or any obstacles as you navigate through this area. If you need to adjust your path, consider moving slightly to the right to create more distance from the group on your left.",0.11595392227172852,,0.3127422332763672,4.49742317199707,4.825002908706665,14,"[{'class': 'person', 'bbox': [398.3206787109375, 405.5155029296875, 509.1346740722656, 532.6217651367188], 'confidence': 0.8295737504959106, 'h_position': 'center', 'v_position': 'bottom', 'position': 'center bottom', 'size': 'medium', 'area_ratio': 0.03303272125644934}, {'class': 'person', 'bbox': [84.87743377685547, 396.18682861328125, 181.24932861328125, 531.6027221679688], 'confidence': 0.7676140666007996, 'h_position': 'left', 'v_position': 'bottom', 'position': 'left bottom', 'size': 'medium', 'area_ratio': 0.03060573670922256}, {'class': 'person', 'bbox': [494.2784118652344, 407.7828063964844, 554.6311645507812, 530.6952514648438], 'confidence': 0.7011167407035828, 'h_position': 'center', 'v_position': 'bottom', 'position': 'center bottom', 'size': 'medium', 'area_ratio': 0.01739705556329151}, {'class': 'person', 'bbox': [213.8145751953125, 396.3359680175781, 275.8395690917969, 532.949462890625], 'confidence': 0.6785286664962769, 'h_position': 'left', 'v_position': 'bottom', 'position': 'left bottom', 'size': 'medium', 'area_ratio': 0.019872071228599904}, {'class': 'person', 'bbox': [279.4291687011719, 434.6022644042969, 376.7409362792969, 532.0426025390625], 'confidence': 0.6453670859336853, 'h_position': 'center', 'v_position': 'bottom', 'position': 'center bottom', 'size': 'medium', 'area_ratio': 0.022237551118374766}, {'class': 'person', 'bbox': [5.633668899536133, 385.55670166015625, 91.83422088623047, 531.6272583007812], 'confidence': 0.5262671709060669, 'h_position': 'left', 'v_position': 'bottom', 'position': 'left bottom', 'size': 'medium', 'area_ratio': 0.029529463605182927}, {'class': 'person', 'bbox': [182.76812744140625, 379.15283203125, 220.2178497314453, 494.5570373535156], 'confidence': 0.442482590675354, 'h_position': 'left', 'v_position': 'bottom', 'position': 'left bottom', 'size': 'medium', 'area_ratio': 0.010135683557106003}, {'class': 'person', 'bbox': [65.85894775390625, 374.291748046875, 130.38951110839844, 527.3837890625], 'confidence': 0.40322673320770264, 'h_position': 'left', 'v_position': 'bottom', 'position': 'left bottom', 'size': 'medium', 'area_ratio': 0.02316865674102955}, {'class': 'person', 'bbox': [373.710693359375, 409.0617370605469, 428.53765869140625, 530.4075317382812], 'confidence': 0.3736693263053894, 'h_position': 'center', 'v_position': 'bottom', 'position': 'center bottom', 'size': 'medium', 'area_ratio': 0.015602770835776266}, {'class': 'person', 'bbox': [350.00250244140625, 362.55615234375, 382.9695739746094, 452.3931884765625], 'confidence': 0.2901439964771271, 'h_position': 'center', 'v_position': 'bottom', 'position': 'center bottom', 'size': 'small', 'area_ratio': 0.0069457412347560974}, {'class': 'person', 'bbox': [0.030333995819091797, 379.7923583984375, 26.754838943481445, 527.9348754882812], 'confidence': 0.27313706278800964, 'h_position': 'left', 'v_position': 'bottom', 'position': 'left bottom', 'size': 'small', 'area_ratio': 0.009284792214799777}, {'class': 'person', 'bbox': [684.7357177734375, 467.8044128417969, 739.9508666992188, 531.68212890625], 'confidence': 0.2710972726345062, 'h_position': 'right', 'v_position': 'bottom', 'position': 'right bottom', 'size': 'small', 'area_ratio': 0.008271617209486397}, {'class': 'person', 'bbox': [390.2357482910156, 366.97845458984375, 440.0115966796875, 458.87152099609375], 'confidence': 0.2556449770927429, 'h_position': 'center', 'v_position': 'bottom', 'position': 'center bottom', 'size': 'medium', 'area_ratio': 0.01072714628466522}, {'class': 'person', 'bbox': [432.8182067871094, 371.63763427734375, 465.9181823730469, 412.7559509277344], 'confidence': 0.25328755378723145, 'h_position': 'center', 'v_position': 'bottom', 'position': 'center bottom', 'size': 'small', 'area_ratio': 0.003191874434308308}]",,,76.68993902439024,175,713,True,,2025-11-24T16:02:04.488920
OUTDOOR_Navigation_ComplexIntersection_BikeLane_PedestrianCrossing.jpg,outdoor,depth,yolov8n,gpt-4o-mini,YOLOv8N+Depth-Anything+gpt-4o-mini,"In front of you, there are several important objects that you need to be aware of for safe navigation.

1. **Traffic Lights**:
   - There is a traffic light located **approximately 8 meters ahead** (depth value of 81.00). This is crucial for understanding the traffic conditions at the intersection you are approaching.
   - Another traffic light is positioned **above and slightly to the left**, also at about **8 meters** in distance.

2. **Cars**:
   - There is a car located **about 2.7 meters to your right** (depth value of 27.00). This is a safety-critical object, so please be cautious as you navigate in that direction.
   - There are additional cars detected in the vicinity:
     - One car is **approximately 2.7 meters to your left**. 
     - Another car is located **in the center**, also around **2.7 meters in front of you**.
     - There are other cars to your right and left at varying depths, but they are farther away and pose less immediate concern.

As you move forward, keep your attention on the traffic lights ahead and the cars on either side, especially the one just to your right at **2.7 meters**. Make sure to use caution as you approach the intersection.",0.11042308807373047,,0.5919580459594727,6.157550096511841,6.762037038803101,8,"[{'class': 'car', 'bbox': [507.0784606933594, 394.46917724609375, 591.7479858398438, 422.23785400390625], 'confidence': 0.766495406627655, 'h_position': 'right', 'v_position': 'center', 'position': 'right center', 'size': 'small', 'area_ratio': 0.004850714342219685}, {'class': 'traffic light', 'bbox': [310.99725341796875, 300.7010192871094, 341.2828674316406, 343.1695556640625], 'confidence': 0.6592926979064941, 'h_position': 'center', 'v_position': 'center', 'position': 'center center', 'size': 'small', 'area_ratio': 0.0026535486997122213}, {'class': 'traffic light', 'bbox': [111.05988311767578, 128.41485595703125, 146.9462890625, 203.9572296142578], 'confidence': 0.6070601344108582, 'h_position': 'left', 'v_position': 'top', 'position': 'left top', 'size': 'small', 'area_ratio': 0.0055929894037134}, {'class': 'car', 'bbox': [12.475716590881348, 379.2653503417969, 42.459651947021484, 393.5703125], 'confidence': 0.5948598980903625, 'h_position': 'left', 'v_position': 'center', 'position': 'left center', 'size': 'small', 'area_ratio': 0.0008849092794423246}, {'class': 'car', 'bbox': [505.5970764160156, 394.9545593261719, 565.7496948242188, 420.9322204589844], 'confidence': 0.39457252621650696, 'h_position': 'right', 'v_position': 'center', 'position': 'right center', 'size': 'small', 'area_ratio': 0.003223873517958254}, {'class': 'car', 'bbox': [0.0, 377.6470947265625, 14.255731582641602, 393.16314697265625], 'confidence': 0.3545270264148712, 'h_position': 'left', 'v_position': 'center', 'position': 'left center', 'size': 'small', 'area_ratio': 0.0004563458785763934}, {'class': 'car', 'bbox': [574.2088012695312, 387.4383544921875, 612.0, 420.8417663574219], 'confidence': 0.30092206597328186, 'h_position': 'right', 'v_position': 'center', 'position': 'right center', 'size': 'small', 'area_ratio': 0.0026043832534263177}, {'class': 'car', 'bbox': [266.1833801269531, 374.6797180175781, 291.74383544921875, 398.4310607910156], 'confidence': 0.256425678730011, 'h_position': 'center', 'v_position': 'center', 'position': 'center center', 'size': 'small', 'area_ratio': 0.001252507001816766}]",,,88.2915243117449,199,664,True,,2025-11-24T16:02:11.757450
OUTDOOR_Navigation_ConcreteSidewalk_UtilityPoles_ResidentialStreet.jpg,outdoor,depth,yolov8n,gpt-4o-mini,YOLOv8N+Depth-Anything+gpt-4o-mini,"In your immediate surroundings, there is a car detected directly in front of you, approximately 2 meters away at the center. The car is positioned at a depth of 58 centimeters, which indicates it is quite close. 

Please exercise caution as you navigate, as this vehicle is in your direct path. Ensure you are aware of your surroundings before proceeding. If you need to move forward, take careful steps, keeping an eye on the car to avoid any potential collision.",0.08920598030090332,,0.16494011878967285,2.3400487899780273,2.515048027038574,1,"[{'class': 'car', 'bbox': [102.23261260986328, 103.77934265136719, 113.835693359375, 147.43780517578125], 'confidence': 0.5159414410591125, 'h_position': 'center', 'v_position': 'center', 'position': 'center center', 'size': 'small', 'area_ratio': 0.007504780183015047}]",,,83.86214814814815,80,312,True,,2025-11-24T16:02:14.780873
OUTDOOR_Navigation_ModularAccessibilityRamp_Stairs_CommercialBuilding.jpg,outdoor,depth,yolov8n,gpt-4o-mini,YOLOv8N+Depth-Anything+gpt-4o-mini,"The scene is currently clear of any detected objects. The mean depth measured is approximately 130 centimeters, which is about 1.3 meters away from you. There are no obstacles or features in your immediate vicinity, and the area appears unobstructed within the depth range of 0 to 255 centimeters.

Since there are no objects detected, you can proceed safely forward. You are free to move about 1.3 meters ahead without encountering any obstacles. Please remain aware of your surroundings as you navigate this space, as the absence of detected objects does not guarantee that the path ahead is entirely clear.",0.06260180473327637,,0.5737349987030029,3.97392201423645,4.554585218429565,0,[],,,130.12558959513171,100,292,True,,2025-11-24T16:02:19.842214
OUTDOOR_Navigation_PedestrianCrosswalk_SuburbanStreet_PersonCrossing.jpg,outdoor,depth,yolov8n,gpt-4o-mini,YOLOv8N+Depth-Anything+gpt-4o-mini,"In the scene ahead, there are several important objects that you should be aware of for safe navigation:

1. **Person**: There is a person approximately **1.4 meters ahead** in the central area of your view. Be cautious as you approach this individual.

2. **Cars**: 
   - There are multiple cars located in the area above you (center top), with the closest car being about **3.7 meters ahead**. This car might be in motion, so please stay alert.
   - Additional cars are positioned towards the left top, with distances ranging from **3.7 to 3.9 meters ahead**. Again, be cautious of these vehicles as they could pose a risk.
   - There are also cars towards the right top, with the furthest being about **3.9 meters ahead**.

3. **Truck**: There is a truck close to the right top, situated approximately **3.8 meters ahead**. This vehicle may also be in motion, so maintain awareness of its position.

4. **Backpack and Handbag**: Both the backpack and handbag are approximately **1.4 meters ahead** of you, in the same central area as the person. Ensure you navigate carefully around these items.

As you move forward, prioritize avoiding the person and the vehicles, especially the cars and truck in the center and top areas, as they are closer and may pose safety risks.",0.08059000968933105,,0.29885101318359375,8.61118197441101,8.919782161712646,11,"[{'class': 'person', 'bbox': [800.9732666015625, 356.8644714355469, 1024.5810546875, 935.4140625], 'confidence': 0.884186863899231, 'h_position': 'center', 'v_position': 'center', 'position': 'center center', 'size': 'medium', 'area_ratio': 0.048525201612903225}, {'class': 'car', 'bbox': [1092.0836181640625, 298.38079833984375, 1393.28173828125, 439.3344421386719], 'confidence': 0.8767921328544617, 'h_position': 'center', 'v_position': 'top', 'position': 'center top', 'size': 'medium', 'area_ratio': 0.015924595895067516}, {'class': 'car', 'bbox': [749.4083251953125, 290.52044677734375, 937.078125, 392.1791076660156], 'confidence': 0.8591747879981995, 'h_position': 'center', 'v_position': 'top', 'position': 'center top', 'size': 'small', 'area_ratio': 0.0071561364462209304}, {'class': 'car', 'bbox': [893.7131958007812, 300.1358947753906, 1124.377685546875, 420.1738586425781], 'confidence': 0.748301088809967, 'h_position': 'center', 'v_position': 'top', 'position': 'center top', 'size': 'medium', 'area_ratio': 0.010385782480776444}, {'class': 'car', 'bbox': [427.5914306640625, 274.3702392578125, 493.89697265625, 346.05975341796875], 'confidence': 0.7406489849090576, 'h_position': 'left', 'v_position': 'top', 'position': 'left top', 'size': 'small', 'area_ratio': 0.0017829752848368343}, {'class': 'car', 'bbox': [93.54495239257812, 285.7172546386719, 361.5061950683594, 430.0748596191406], 'confidence': 0.6287476420402527, 'h_position': 'left', 'v_position': 'top', 'position': 'left top', 'size': 'medium', 'area_ratio': 0.01450946818735934}, {'class': 'truck', 'bbox': [1307.361083984375, 292.65679931640625, 1763.8460693359375, 494.5146789550781], 'confidence': 0.4776911437511444, 'h_position': 'right', 'v_position': 'top', 'position': 'right top', 'size': 'medium', 'area_ratio': 0.034563050918979744}, {'class': 'backpack', 'bbox': [840.9231567382812, 444.2362976074219, 1021.1603393554688, 690.41748046875], 'confidence': 0.36024004220962524, 'h_position': 'center', 'v_position': 'center', 'position': 'center center', 'size': 'medium', 'area_ratio': 0.016643287286665417}, {'class': 'handbag', 'bbox': [833.6107177734375, 421.5956726074219, 1019.9182739257812, 691.6026000976562], 'confidence': 0.35603851079940796, 'h_position': 'center', 'v_position': 'center', 'position': 'center center', 'size': 'medium', 'area_ratio': 0.018868841722149286}, {'class': 'car', 'bbox': [203.7200469970703, 289.5635070800781, 363.48516845703125, 421.8095397949219], 'confidence': 0.3503422737121582, 'h_position': 'left', 'v_position': 'top', 'position': 'left top', 'size': 'small', 'area_ratio': 0.007925094799090397}, {'class': 'car', 'bbox': [1303.918701171875, 292.5610046386719, 1632.4190673828125, 490.4791564941406], 'confidence': 0.2504991292953491, 'h_position': 'right', 'v_position': 'top', 'position': 'right top', 'size': 'medium', 'area_ratio': 0.024387165639066018}]",,,102.17514703675918,214,758,True,,2025-11-24T16:02:29.269695
OUTDOOR_Navigation_StonePatio_CurvedStairs_MultiLevelAccess.jpg,outdoor,depth,yolov8n,gpt-4o-mini,YOLOv8N+Depth-Anything+gpt-4o-mini,"In this space, you are surrounded by several items that you need to navigate around safely. Here’s a detailed description of your surroundings:

1. **Chair**: There is a chair located approximately **0.53 meters ahead** of you, slightly to the center. Be cautious as you move forward, as this chair is close enough that you could easily bump into it.

2. **Bench**: Directly ahead, you will find a bench positioned about **0.52 meters in front** of you, also near the center. This is very close to the chair, so make sure to navigate carefully to avoid collision.

3. **Potted Plants**: There are five potted plants around you, all of which are positioned at different spots:
   - One potted plant is located approximately **0.42 meters to your right**, which may be in your direct path if you move slightly to the right.
   - There are additional potted plants positioned at various distances to the left and right, primarily around the center area. The closest ones are generally within **0.40 to 0.57 meters** from you.

As you navigate, remember to maintain awareness of these objects, especially the chair and bench right in front of you. They are close enough that you should take care to avoid them as you move through this space.",0.07510924339294434,,0.6210727691650391,5.518703937530518,6.151686191558838,7,"[{'class': 'chair', 'bbox': [704.2328491210938, 273.17486572265625, 783.0034790039062, 374.9718933105469], 'confidence': 0.7066161036491394, 'h_position': 'center', 'v_position': 'center', 'position': 'center center', 'size': 'small', 'area_ratio': 0.008352725219726562}, {'class': 'potted plant', 'bbox': [795.5650634765625, 319.0823669433594, 889.3065795898438, 390.81524658203125], 'confidence': 0.568809986114502, 'h_position': 'right', 'v_position': 'center', 'position': 'right center', 'size': 'small', 'area_ratio': 0.007004530334472656}, {'class': 'potted plant', 'bbox': [837.0382080078125, 159.39659118652344, 889.6357421875, 225.76882934570312], 'confidence': 0.5198715329170227, 'h_position': 'right', 'v_position': 'top', 'position': 'right top', 'size': 'small', 'area_ratio': 0.003636475118001302}, {'class': 'bench', 'bbox': [703.7062377929688, 274.0867919921875, 782.39599609375, 373.8730163574219], 'confidence': 0.48169639706611633, 'h_position': 'center', 'v_position': 'center', 'position': 'center center', 'size': 'small', 'area_ratio': 0.008179326883951822}, {'class': 'potted plant', 'bbox': [124.64086151123047, 616.9698486328125, 332.17877197265625, 791.423583984375], 'confidence': 0.39536210894584656, 'h_position': 'left', 'v_position': 'bottom', 'position': 'left bottom', 'size': 'medium', 'area_ratio': 0.037714335123697915}, {'class': 'potted plant', 'bbox': [215.41195678710938, 251.14080810546875, 293.4453125, 427.5971374511719], 'confidence': 0.37704116106033325, 'h_position': 'left', 'v_position': 'center', 'position': 'left center', 'size': 'medium', 'area_ratio': 0.01434320780436198}, {'class': 'potted plant', 'bbox': [225.9631805419922, 286.18994140625, 290.728271484375, 408.290283203125], 'confidence': 0.27841830253601074, 'h_position': 'left', 'v_position': 'center', 'position': 'left center', 'size': 'small', 'area_ratio': 0.008237333170572916}]",,,89.43942604166666,210,559,True,,2025-11-24T16:02:35.923696
TEXT_AccessRules_PoolGateSign_RegulatoryText_ApartmentComplex.jpg,text,ocr,yolov8n,gpt-4o-mini,YOLOv8N+EasyOCR+gpt-4o-mini,,,,,,0.11589193344116211,0,,,,,,,False,EasyOCR SSL certificate issue: <urlopen error [SSL: CERTIFICATE_VERIFY_FAILED] certificate verify failed: unable to get local issuer certificate (_ssl.c:997)>. Please fix SSL certificates or use alternative OCR.,2025-11-24T16:02:36.546683
TEXT_CarDashboard_InstrumentCluster_WarningLights_ActiveDisplay.jpg,text,ocr,yolov8n,gpt-4o-mini,YOLOv8N+EasyOCR+gpt-4o-mini,,,,,,0.061187028884887695,0,,,,,,,False,EasyOCR SSL certificate issue: <urlopen error [SSL: CERTIFICATE_VERIFY_FAILED] certificate verify failed: unable to get local issuer certificate (_ssl.c:997)>. Please fix SSL certificates or use alternative OCR.,2025-11-24T16:02:37.113739
TEXT_ChalkboardMenu_HandwrittenCoffeePrices_CafeDrinks.jpg,text,ocr,yolov8n,gpt-4o-mini,YOLOv8N+EasyOCR+gpt-4o-mini,,,,,,0.060617923736572266,0,,,,,,,False,EasyOCR SSL certificate issue: <urlopen error [SSL: CERTIFICATE_VERIFY_FAILED] certificate verify failed: unable to get local issuer certificate (_ssl.c:997)>. Please fix SSL certificates or use alternative OCR.,2025-11-24T16:02:37.681249
TEXT_MenuBoard_RestaurantPricing_MultipleSections_MountedSign.jpg,text,ocr,yolov8n,gpt-4o-mini,YOLOv8N+EasyOCR+gpt-4o-mini,,,,,,0.06292605400085449,0,,,,,,,False,EasyOCR SSL certificate issue: <urlopen error [SSL: CERTIFICATE_VERIFY_FAILED] certificate verify failed: unable to get local issuer certificate (_ssl.c:997)>. Please fix SSL certificates or use alternative OCR.,2025-11-24T16:02:38.251729
TEXT_Navigation_SupermarketEntrance_KrogerFacade_WayfindingSign.jpg,text,ocr,yolov8n,gpt-4o-mini,YOLOv8N+EasyOCR+gpt-4o-mini,,,,,,0.06213092803955078,0,,,,,,,False,EasyOCR SSL certificate issue: <urlopen error [SSL: CERTIFICATE_VERIFY_FAILED] certificate verify failed: unable to get local issuer certificate (_ssl.c:997)>. Please fix SSL certificates or use alternative OCR.,2025-11-24T16:02:38.820988
TEXT_OpenBook_PrintedParagraphs_YellowedPaper_SpineCurvature.jpg,text,ocr,yolov8n,gpt-4o-mini,YOLOv8N+EasyOCR+gpt-4o-mini,,,,,,0.06025099754333496,0,,,,,,,False,EasyOCR SSL certificate issue: <urlopen error [SSL: CERTIFICATE_VERIFY_FAILED] certificate verify failed: unable to get local issuer certificate (_ssl.c:997)>. Please fix SSL certificates or use alternative OCR.,2025-11-24T16:02:39.388037
TEXT_RetailShelf_CandyBarProducts_PricingLabels_DenseDisplay.jpg,text,ocr,yolov8n,gpt-4o-mini,YOLOv8N+EasyOCR+gpt-4o-mini,,,,,,0.06692814826965332,0,,,,,,,False,EasyOCR SSL certificate issue: <urlopen error [SSL: CERTIFICATE_VERIFY_FAILED] certificate verify failed: unable to get local issuer certificate (_ssl.c:997)>. Please fix SSL certificates or use alternative OCR.,2025-11-24T16:02:39.962107
TEXT_TimesSquare_DigitalBillboards_Night_AdvertisingDensity.jpg,text,ocr,yolov8n,gpt-4o-mini,YOLOv8N+EasyOCR+gpt-4o-mini,,,,,,0.07217836380004883,0,,,,,,,False,EasyOCR SSL certificate issue: <urlopen error [SSL: CERTIFICATE_VERIFY_FAILED] certificate verify failed: unable to get local issuer certificate (_ssl.c:997)>. Please fix SSL certificates or use alternative OCR.,2025-11-24T16:02:40.542381
TEXT_WeatheredWarningSign_NoParking_Roadside_FadingPrint.jpg,text,ocr,yolov8n,gpt-4o-mini,YOLOv8N+EasyOCR+gpt-4o-mini,,,,,,0.0645298957824707,0,,,,,,,False,EasyOCR SSL certificate issue: <urlopen error [SSL: CERTIFICATE_VERIFY_FAILED] certificate verify failed: unable to get local issuer certificate (_ssl.c:997)>. Please fix SSL certificates or use alternative OCR.,2025-11-24T16:02:41.113104
TEXT_WoodenCrate_StencilText_BAKERAndCo_VintageCocoa.jpg,text,ocr,yolov8n,gpt-4o-mini,YOLOv8N+EasyOCR+gpt-4o-mini,,,,,,0.07093501091003418,0,,,,,,,False,EasyOCR SSL certificate issue: <urlopen error [SSL: CERTIFICATE_VERIFY_FAILED] certificate verify failed: unable to get local issuer certificate (_ssl.c:997)>. Please fix SSL certificates or use alternative OCR.,2025-11-24T16:02:41.688925
