filename,category,model,prompt_type,description,latency_seconds,tokens_used,success,error,timestamp
SlayTheSpire_Defect_vs_Sentry_ZapPlus.png,gaming,GPT-4V,CoT,"1. **Scene Identification**: This is a gaming scene from a digital card game.
   
2. **Objects and Elements**:
   - The main focus is a card labeled ""Zap+,"" which is used to ""Channel 1 Lightning.""
   - A character on the left, possibly the player's avatar, with a health status of 47/82.
   - An enemy character on the right with a health status of 30/50, being hit by a lightning bolt.
   - Other cards at the bottom: ""Strike,"" ""Dualcast,"" and ""Defend+.""

3. **Spatial Layout**:
   - The player's character is on the left side.
   - The ""Zap+"" card is prominently displayed in the center.
   - The enemy is on the right, being attacked.

4. **Safety Concerns**: No physical safety concerns, as it's a digital game. The focus is on managing in-game health and cards.

5. **Critical Status Information**:
   - The player's current health is 47 out of 82.
   - The enemy's health is 30 out of 50.
   - The player's cards and their potential actions, such as ""Strike"" and ""Defend+.""

**Concise Description**:
In this game scene, you're using the ""Zap+"" card to attack an enemy with 30/50 health using lightning. Your character on the left has 47/82 health. You have several cards available at the",9.17227268218994,1709,True,,2025-11-22T22:33:14.431351
SlayTheSpire_Silent_vs_Exploders_Act2_Combat.png,gaming,GPT-4V,CoT,"1. **Scene Identification**: This is a gaming scene from a card-based strategy game, ""Slay the Spire.""

2. **Objects and Elements Present**: 
   - Player character on the left, named ""tvswanderer,"" with a character class ""the Silent.""
   - Enemy slime creatures on the right: two small slimes with health bars.
   - Player’s health and status, visible at the top.
   - Cards displayed at the bottom of the screen for potential actions.

3. **Spatial Analysis**:
   - The player character is on the left side, facing towards the enemy.
   - Enemy slimes are to the right.
   - Action cards are spread across the bottom.

4. **Safety Concerns or Obstacles**: No immediate physical dangers, but the player needs to manage health and strategy to defeat enemies effectively.

5. **Critical Status Information**:
   - Player’s health: 36/70, indicating a need to be cautious.
   - Energy available is 3/3.
   - Enemies have varying health and intentions, with one enemy likely to attack (indicated by a sword and number 5).

**Concise Description**:
You are in a battle scene in ""Slay the Spire"" on the 4th floor. Your character, ""the Silent,"" is on the left with 36 health out of 70. Two enemy slimes are on the right: one has 1 health",8.294753074645996,1709,True,,2025-11-22T22:33:23.746737
SlayTheSpire_Watcher_vs_Cultist_LargeWolf_Act3.png,gaming,GPT-4V,CoT,"1. **Scene Identification**: The scene is from a turn-based strategy card game.

2. **Objects and Elements**: 
   - **Player Character**: A character called “the Watcher,” with stats at the top showing 45/79 health.
   - **Enemies**: 
     - A ghost-like creature with 40/53 health.
     - A blue wolf creature with 320/320 health.
   - **Cards**: Four cards displayed at the bottom: “Scrawl,” “Empty Mind,” “Inner Peace,” and “Strike.”
   - **Status and Effects**: Various icons indicating buffs/debuffs on characters.
   - **Menu/Controls**: Information at the bottom such as energy (2/4), cards in the draw pile (10), and the ""End Turn"" button on the right.

3. **Spatial Layout**:
   - The player character is on the left.
   - Enemies are on the right.
   - Cards and controls are at the bottom.

4. **Safety Concerns**: 
   - The ghost-like enemy is preparing an attack with an indicator showing ""6"" damage.
   - The wolf creature is preparing an attack showing ""8x4"" damage, suggesting a multi-hit or powerful move.

5. **Critical Status Information**:
   - Player health is 45/79.
   - Energy available is 2 out of 4.

**Concise Description**:
You are",8.282980918884277,1709,True,,2025-11-22T22:33:33.061837
StardewValley_StardewValleyFair_Festival.png,gaming,GPT-4V,CoT,"1. **Scene Identification**:
   - This is a pixelated gaming scene, likely from a video game festival or fair.

2. **Objects and Elements**:
   - Several red and white striped tents are visible.
   - Characters are scattered around the area.
   - There are booths with various items like vegetables, jars, and a wheel game.
   - An area labeled ""The Stardrop Saloon.""

3. **Spatial Analysis**:
   - A tent is in the top-left with a character inside.
   - Center-left has a circular platform with a character standing on it.
   - Mid-right displays a booth with produce and other goods.
   - Characters are walking around the central open space.
   - Bottom middle features a person next to a spinning wheel game.
   - Bottom right shows the saloon building.

4. **Safety and Obstacles**:
   - No immediate hazards or obstacles are visible. The scene seems safe.

5. **Critical Status Information**:
   - The top right displays a number (5919), possibly currency or points.
   - The top left shows a star with the number 248, possibly a score or star count.

**Concise Description**:
The scene depicts a colorful, pixelated festival setting with red and white striped tents, various characters, and booths offering items like vegetables and jars. In the center, there's a circular platform, and a spinning wheel game is visible. A building labeled ""The Stardrop Saloon""",8.518131971359253,1709,True,,2025-11-22T22:33:42.603724
StardewValley_TownSquare_VillageCenter.png,gaming,GPT-4V,CoT,"1. **Type of Scene**:
   - This is a gaming scene from a pixel art game, specifically ""Stardew Valley.""

2. **Objects and Elements Present**:
   - Several buildings including houses and a saloon.
   - Trees, paths, and grassy areas.
   - A character standing on a path.
   - Decorative elements like a bench, flowers, signs, and fences.

3. **Spatial Location**:
   - The character is in the center, standing on a cobblestone path.
   - A large paved area is above the character with a circular decoration in the middle.
   - A blue-roofed house is to the left, a white-roofed house to the right, and a brown-roofed saloon near the top right.
   - Trees and grass surround the paths, with fenced areas visible.
   - A purple flowering tree is located at the bottom left.

4. **Safety Concerns or Obstacles**:
   - There are no safety hazards or obstacles visible in this scene. The environment appears peaceful and navigable.

5. **Critical Status Information**:
   - The top right of the screen displays the current in-game date (Tuesday, Spring 2), time (1:40 PM), and player's finances (453g).

**Concise Description**:
In the center of a village scene from ""Stardew Valley,"" a character stands on a cobblestone path surrounded by houses, a saloon,",7.46038293838501,1709,True,,2025-11-22T22:33:51.086341
StardewValley_Winter_IceFishingContest.png,gaming,GPT-4V,CoT,"This image is a screenshot from a video game, specifically ""Stardew Valley.""

1. **Scene Identification**: The scene is from a pixel-art style farming simulation game.
   
2. **Objects and Elements**: 
   - Four characters are standing at the edge of a body of water, fishing.
   - A tree is near the center of the water.
   - Various items and tools are displayed on a sidebar to the left, including a pickaxe, hoe, fishing rod, and sword.

3. **Spatial Layout**:
   - The characters are lined up horizontally along the shore at the top center-right.
   - The items and tools sidebar is along the left edge of the screen.
   - The clock and date display, ""Sat. 20, 1:00 pm,"" is at the top right.
   - Current funds of ""10250"" are displayed just below the time.
   - An exclamation mark icon and other interface elements are on the right.

4. **Safety Concerns**: No immediate safety hazards are present in the gameplay scene.

5. **Critical Status**:
   - The time and date are important to game progression.
   - The funds indicate in-game currency, useful for purchasing items or upgrades.

**Description**: 

The scene shows four characters fishing at a river. Tools, like a pickaxe and sword, are listed on the left sidebar. The top right corner displays the in-game date as ""Saturday the ",6.041706085205078,1029,True,,2025-11-22T22:33:58.152273
four_in_a_row-opp_move_1.png,gaming,GPT-4V,CoT,"Step-by-step analysis:

1. **Scene identification**: This is a game scene, specifically resembling a ""Connect Four"" type game.
2. **Objects and elements present**: The grid contains circular slots, two filled with colored discs.
3. **Spatial analysis**:
   - The grid has six rows and seven columns.
   - There are two discs in the bottom-right column.
   - The bottom disc is teal, and the one above it is red with a white dot in the center.
4. **Safety concerns**: There are no safety hazards present.
5. **Critical status information**: The current state of the game shows two discs placed in the column, possibly at an early stage.

Final description:

The game board has six rows and seven columns. In the bottom-right column, the lowest slot has a teal disc, and above it is a red disc with a white dot. No immediate actions are required, but position suggests early gameplay.",4.302832841873169,1264,True,,2025-11-22T22:34:03.474272
four_in_a_row-opp_move_4.png,gaming,GPT-4V,CoT,"### Step-by-Step Analysis

1. **Scene Identification**: The image is a board game, specifically a Connect Four-type game.
2. **Objects and Elements**: 
   - A grid of circular slots on a square board.
   - Discs of two colors: red and green.
3. **Spatial Analysis**:
   - The grid is 6 rows by 7 columns.
   - In the leftmost column:
     - Row 1 (top) has a red disc.
     - Rows 2 to 6 contain green discs, stacked vertically.
   - In the second column from the left:
     - The bottom row (row 6) has a red disc.
4. **Safety Assessment**: No physical safety concerns; this is a game board.
5. **Status Information**:
   - The green discs form a vertical line with four in a row, indicating a win for green in Connect Four.

### Concise Description

The board is a Connect Four game. In the leftmost column, there are four green discs stacked vertically from the bottom row, indicating a win for green. A red disc is on top in this column, with another red disc placed at the bottom of the second column.",4.90012001991272,1319,True,,2025-11-22T22:34:09.383088
four_in_a_row-opp_won.png,gaming,GPT-4V,CoT,"**Analysis of the Image:**

1. **Scene Identification:**
   - This is a game board, specifically resembling a Connect Four board.

2. **Objects and Elements:**
   - The board has seven columns and six rows of circular slots.
   - There are two types of checkers: red and green.
   - Some red checkers have green stars on them.

3. **Spatial Analysis:**
   - Bottom row: The first four slots from the left contain red checkers with green stars, followed by one plain red checker, and two green checkers.
   - Second row from the bottom: Second slot from the left has a plain red checker.
   - Fifth and sixth columns (from left) in the bottom row contain green checkers.

4. **Safety Concerns or Obstacles:**
   - There are no safety concerns or physical obstacles.

5. **Critical Status Information:**
   - A line of four red checkers with stars indicates a potential win, which is a crucial game status.

**Concise Description:**

On a Connect Four board, the bottom row has four consecutive red checkers with green stars in the first four slots. The rest of the bottom row has an alternating pattern of a plain red checker and two green checkers. This arrangement suggests a winning move for the player with the red checkers.",5.828866243362427,1343,True,,2025-11-22T22:34:16.225305
tic_tac_toe-opp_move_1.png,gaming,GPT-4V,CoT,"1. **Scene Identification**: This is a gaming scene, specifically a tic-tac-toe board.
   
2. **Objects and Elements**: The grid has nine squares arranged in a 3x3 pattern. There are two game symbols, ""O"" and ""X.""

3. **Spatial Location**:
   - ""O"" is in the center square.
   - ""X"" is in the bottom-right square.

4. **Safety Concerns**: There are no safety concerns or obstacles.

5. **Status Information**: The game is in progress with one ""O"" and one ""X"" placed.

**Description**: The tic-tac-toe board shows an ""O"" in the center square and an ""X"" in the bottom-right square. Other squares are empty, indicating the game is ongoing.",6.209814071655273,1239,True,,2025-11-22T22:34:23.454373
tic_tac_toe-opp_move_2.png,gaming,GPT-4V,CoT,"1. **Scene Identification**: This is a game scene, specifically a Tic-Tac-Toe board.

2. **Objects and Elements**: The grid consists of three horizontal and three vertical lines, forming nine squares. There are two types of symbols: circles (O) and crosses (X).

3. **Spatial Analysis**:
   - Top row: Empty on the left, circle (O) in the middle, empty on the right.
   - Middle row: Empty on the left, circle (O) in the middle, cross (X) on the right.
   - Bottom row: Circle (O) on the left, empty in the middle, cross (X) on the right.

4. **Safety Concerns**: There are no safety concerns or obstacles in this image.

5. **Status Information**: 
   - The game is ongoing, with the player using circles (O) having a potential win if they place an O in the bottom middle square.
   - No player has won yet.

**Description**: The image shows a Tic-Tac-Toe game in progress. The grid is almost full. The top and middle rows have an O in the center. The bottom row has an O on the left. There are crosses on the middle and bottom right. The player with circles (O) can win by placing another O in the bottom middle square.",5.7454869747161865,1351,True,,2025-11-22T22:34:30.219544
tic_tac_toe-user_won.png,gaming,GPT-4V,CoT,"1. **Scene Identification**: This is a tic-tac-toe game board.

2. **Objects and Elements**: The board has a 3x3 grid with X's and O's placed in the squares.

3. **Spatial Analysis**:
   - Top row: Right square has an X.
   - Middle row: Center square has an O.
   - Bottom row: Left square has an O, and the right square has an X.

4. **Safety Concerns**: There are no safety concerns or obstacles in this image.

5. **Critical Status**: The player with X has won by forming a vertical line in the right column.

**Description**: This is a tic-tac-toe game with a 3x3 grid. X's are in a vertical line down the right column, forming a win for that player. O's are in the left square of the bottom row and center square.",3.8815979957580566,1260,True,,2025-11-22T22:34:35.114905
INDOOR_Navigation_AccessibilityRamp_EntryDoor_BrickFacade.jpg,indoor,GPT-4V,CoT,"1. **Scene Identification:**
   - This is an outdoor entrance scene, likely leading into a building.

2. **Objects and Elements:**
   - A white door with a handle and deadbolt.
   - A brick wall surrounds the door on both sides.
   - A black ramp is placed in front of the door.
   - Gray paving stones are on the ground.

3. **Spatial Analysis:**
   - The door is centered.
   - The ramp leads up to the door, occupying most of the foreground.
   - Brick walls are on both sides.

4. **Safety Concerns:**
   - The ramp provides smooth access to the door, suggesting it’s designed for accessibility.

5. **Critical Status Information:**
   - There are no apparent obstacles or hazards. The area appears accessible, with the ramp intended to aid entry.

**Concise Description:**

A white door is centered on a red brick wall. In front of the door is a black ramp leading up, providing accessible entry. Gray paving stones surround the ramp area. No obstacles are present, and the ramp offers smooth access to the door.",4.8957390785217285,1298,True,,2025-11-22T22:34:41.030277
INDOOR_Navigation_ArchwayEntrance_Staircase_Wayfinding.jpg,indoor,GPT-4V,CoT,"### Step-by-Step Analysis

1. **Scene Identification**:
   - This is an indoor scene, specifically the entrance area of a home with a staircase.

2. **Objects and Elements Present**:
   - Wooden staircase with white railings.
   - A wooden cabinet or small table next to the staircase.
   - Plant in a pot near the cabinet.
   - Built-in glass cabinet on the right wall.
   - Wooden door on the left side.
   - Light fixture on the ceiling.

3. **Spatial Analysis**:
   - The staircase is centrally located and ascends to the left.
   - The cabinet with the plant is against the wall near the bottom of the staircase.
   - The built-in glass cabinet is on the right wall of the room.
   - The entrance door is on the far left.

4. **Safety Concerns or Obstacles**:
   - The staircase itself is a potential hazard.
   - The plant near the stairs should be noted to avoid tripping.

5. **Critical Status Information**:
   - The hallway is clear for navigation aside from the items noted.
   - The area is well-lit.

### Concise Description

You are in a home's entryway with wooden flooring. To your left is the entrance door. Directly in front of you is a staircase with white railings that goes up to the left. At the bottom of the stairs, a wooden cabinet with a potted plant is near the wall, so be cautious",6.378912925720215,1709,True,,2025-11-22T22:34:48.428606
INDOOR_Navigation_BlindManWithCane_TactileSignage_Hallway.jpg,indoor,GPT-4V,CoT,"**Analysis:**

1. **Scene Identification:** Indoor hallway scene.
2. **Objects and Elements Present:** A person with a walking cane, beige walls, blue carpet, doors, a wall sign.
3. **Spatial Location:** 
   - The person is centrally located walking towards the camera.
   - A door is on the right side of the hallway.
   - A multicolored sign is on the wall to the right.
4. **Safety Concerns or Obstacles:** The hallway appears clear and navigable; no visible obstacles.
5. **Status Information:** The person seems to be using the cane for assistance, indicating vision impairment.

**Description:**

A person using a walking cane is walking down a clear hallway towards the camera. The hallway has beige walls and blue carpet, with a door on the right. A multicolored sign is also on the right-side wall. The path is free from visible obstacles, assisting the individual’s navigation.",4.581945896148682,1263,True,,2025-11-22T22:34:54.032698
INDOOR_Navigation_CurvingStaircase_FoyerAccess_HardwoodFloor.jpg,indoor,GPT-4V,CoT,"**Scene Identification:**  
This is an indoor home scene, specifically an entryway or foyer.

**Object Detection:**  
- A wooden staircase with white risers curving upward to the left.
- A wooden floor with a glossy finish.
- A table on the right with a vase containing flowers.
- Several framed artworks or mirrors on the wall.
- Columns and open entryways leading to other rooms or areas.

**Spatial Analysis:**  
- The staircase is on the left side, curving upward to the second floor.
- The table is situated on the right against the wall.
- The artworks or mirrors are on the walls near the staircase and columns.

**Safety Assessment:**  
- The staircase can be a potential tripping hazard; ensure it's well-lit.
- The floor may be slippery due to the glossy finish, so caution is advised.
- The table and vase should be noted to avoid bumping into them.

**Status Information:**  
- The scene is well-lit, enhancing visibility.
- The decor and furniture suggest a modern, well-kept area.

**Description:**  
You're in a bright, spacious entryway with a glossy wooden floor. On your left is a curved staircase leading upstairs, and to your right is a small table with a flower vase. Several framed items adorn the walls, adding to the decor. Watch for a potentially slippery floor and the table as you navigate this area.",5.256016969680786,841,True,,2025-11-22T22:35:00.307112
INDOOR_Navigation_ElevatorLobby_LongHallway_MarbleFlooring.jpg,indoor,GPT-4V,CoT,"**Step-by-step Analysis:**

1. **Scene Identification**: This is an indoor scene, specifically a hallway.
   
2. **Objects and Elements**: 
   - Multiple elevator doors
   - Decorative wall lights
   - Ceiling lights
   - Exit sign

3. **Spatial Analysis**:
   - The elevator doors are located along both the left and right sides of the hallway.
   - Ceiling lights are evenly spaced down the center of the hallway.
   - An exit sign is visible at the far end of the hallway on the ceiling.

4. **Safety Concerns**: 
   - The floor appears smooth and clean, no visible obstacles or hazards.
   - The exit sign indicates the direction to the exit.

5. **Status Information**: 
   - The exit sign is illuminated, suggesting an accessible egress path.

**Concise Description**:

This is a hallway with elevator doors on both sides. There are ceiling lights down the center and an illuminated exit sign at the end of the hallway. The floor looks clear and smooth, indicating a safe path.",3.893572807312012,779,True,,2025-11-22T22:35:05.220716
INDOOR_Navigation_LivingRoom_HallwayEntrance_MAINSTSign.jpg,indoor,GPT-4V,CoT,"**Scene Analysis:**

1. **Type of Scene:**
   - This is an indoor living room scene.

2. **Objects and Elements Present:**
   - Green velvet sofa, wooden armchair with cushions, large wooden coffee table, side table with shelves, decorative plants, wall-mounted cabinet, framed pictures, and a large window with curtains.

3. **Spatial Layout:**
   - The green sofa is positioned to the right, facing towards the center.
   - The wooden coffee table is centrally located in front of the sofa.
   - A wooden armchair with cushions is on the left side of the coffee table.
   - A side table with folded blankets is directly beside the sofa.
   - A cabinet with decorative items is on the left wall.
   - A large window with sheer curtains is on the right wall, allowing natural light to enter.
   - There are plants on the coffee table, side table, and near the window.

4. **Safety Concerns or Obstacles:**
   - No immediate safety hazards are visible. The floor is clear and tidy.

5. **Critical Status Information:**
   - The room is well-lit with natural light coming from the window.
   - The space appears tidy and organized.

**Concise Description:**

This living room features a green sofa on the right with a large wooden coffee table in front. An armchair is to the left of the table, and a side table with shelves next to the sofa holds folded blankets",6.029286861419678,1369,True,,2025-11-22T22:35:12.271660
INDOOR_Navigation_LongHallway_AccessPoints_ModernDesign.jpg,indoor,GPT-4V,CoT,"**Scene Identification:**
This is an indoor hallway.

**Object Detection:**
- A closed door at the end of the hallway.
- Another door on the left wall with a handle visible.
- Light switches on both the left and right walls.
- Recessed ceiling lights along the hallway.
- Wall-mounted light on the right wall.
- Wooden floor.

**Spatial Analysis:**
- The hallway is long and narrow, with the door at the end in the center of the image.
- The second door is on the left side, close to the viewer.
- Light switches are located at a convenient height on both walls, near the foreground.
- The ceiling lights are spaced evenly along the hallway.

**Safety Assessment:**
- The hallway appears clear of obstacles, allowing for safe passage.

**Status Information:**
- All lights seem to be on, providing adequate illumination.

**Concise Description:**
The image shows a well-lit, narrow hallway with wooden floors. There is a door directly ahead at the end, another on the left side near the viewer, and light switches on both walls. Recessed lights illuminate the ceiling, and a wall-mounted light is on the right wall. The path is clear with no visible obstacles.",5.549878835678101,1659,True,,2025-11-22T22:35:18.842044
INDOOR_Navigation_OfficeLobby_HRSignage_GlassWalledHallway.jpg,indoor,GPT-4V,CoT,"### Step-by-Step Analysis

1. **Scene Identification**: This is an indoor office scene.
   
2. **Object Detection**: 
   - Office with a reception area and seating.
   - Signage for ""SUNRISE FINANCIAL"" on the wall.
   - A hallway with glass office partitions labeled ""Human Resources.""
   - Two armchairs and a small table with a plant in the seating area.
   - Ceiling lights and a lamp on the table.

3. **Spatial Analysis**: 
   - The office entrance and seating area are on the right.
   - The hallway with glass partitions extends to the left.
   - The reception area and chairs are centrally positioned in the room.

4. **Safety Assessment**: No visible hazards or obstacles. The space appears open and navigable.

5. **Status Information**: The office is identified as ""SUNRISE FINANCIAL."" The ""Human Resources"" label indicates the department's location.

### Concise, Prioritized Description

The image shows a modern office interior labeled ""SUNRISE FINANCIAL."" On the right, there's a reception area with two black chairs and a small table with a lamp and plant. The hallway extends to the left, lined with glass-walled offices, including ""Human Resources."" The space is well-lit with ceiling lights and appears open and easy to navigate.",7.27726411819458,1347,True,,2025-11-22T22:35:27.132429
INDOOR_Navigation_SensoryPath_HospitalClinic_FloorDecals.jpg,indoor,GPT-4V,CoT,"1. **Scene Identification**:
   - The scene is an indoor hallway, likely in a school or child-focused environment.

2. **Object and Element Detection**:
   - The floor has colorful decals with words like ""LEAP"" and ""JUMP.""
   - Various shapes like footprints, lily pads, and animal paw prints are present.
   - The walls have interactive elements such as handprints and a tactile panel with a blue liquid gel.
   - There are colorful arrows and stars on the walls.
   - A rainbow-colored wall decoration and mirrored panels are visible.

3. **Spatial Analysis**:
   - The decals and signs begin at the lower part of the hallway on the floor, guiding a path forward.
   - The tactile panel is on the left wall, parallel to the walkway.
   - Interactive elements are distributed along both walls.

4. **Safety Assessment**:
   - The floor design seems to encourage movement, but there are no visible obstacles or hazards.

5. **Critical Status Information**:
   - The path promotes activity and engagement, using elements like arrows and footprints to guide and encourage play.

**Description**:
The hallway has a colorful, interactive design. The floor features decals of footprints and animal tracks, with words like ""LEAP"" and ""JUMP"" guiding movement. Walls contain bright arrows, stars, and handprints, along with a tactile gel panel for touch interaction on the left. The environment promotes active play, especially for children, with",5.733879089355469,1369,True,,2025-11-22T22:35:33.877322
INDOOR_Navigation_SlatPartition_GlassDoors_EntranceExit.jpg,indoor,GPT-4V,CoT,"1. **Scene Identification:** This is an indoor area, likely a modern entryway or hallway.

2. **Objects and Elements:** The space includes a large glass door, a black modern chair, and a wooden divider made of vertical slats. There is also a circular ceiling light.

3. **Spatial Layout:**
   - The glass door is centrally located and leads outside to a small area with red brick walls visible.
   - The black chair is positioned to the left of the image against the wall.
   - The wooden divider is to the right, separating spaces.
   - The ceiling light is above the chair.

4. **Safety Concerns or Obstacles:** No immediate hazards are present. The chair and divider don’t obstruct the walkway.

5. **Critical Status Information:** The door appears to be closed but can potentially be opened for access outside. Light from outside is casting shadows inside.

**Description:**
The scene is a modern entryway with a large, clear glass door in the center, leading to an outside area with red brick walls. To the left is a sleek, black, modern chair placed against the wall. On the right, there’s a vertical wooden slat divider creating a semi-open space. Overhead, a circular ceiling light illuminates the area. The layout is clean with no apparent hazards, providing easy passage through the door.",6.9246439933776855,1685,True,,2025-11-22T22:35:41.826403
OUTDOOR_EmptyParkingLot_Night_BlueStreetlights_HighContrast.png,outdoor,GPT-4V,CoT,"1. **Scene Identification**: The image depicts an outdoor parking lot at night.

2. **Objects and Elements**: There are multiple tall light poles evenly spaced along the edges of the parking lot, illuminating it brightly. The lot itself is marked with yellow parking lines.

3. **Spatial Analysis**: The lights form parallel rows on either side of the parking lot, creating a symmetrical setup. The parking lines run perpendicular to the lights, guiding cars for parking.

4. **Safety Assessment**: The parking lot is empty and well-lit, reducing immediate safety concerns. However, the empty space can feel isolated.

5. **Status Information**: The lot is entirely vacant, and there are no vehicles or people visible.

**Description**: You are in an empty, well-lit parking lot at night. Tall lights line both sides, casting a bright glow on the pavement. Yellow lines mark the spaces across the lot, which stretches out symmetrically, creating a clear and unobstructed space. The area is quiet and free of obstacles, but its emptiness may feel solitary.",4.485685110092163,948,True,,2025-11-22T22:35:47.335088
OUTDOOR_Navigation_ResidentialEntrance_StairsAndRailing_HouseNumber.png,outdoor,GPT-4V,CoT,"1. **Scene Identification**: This is an outdoor residential scene showing the front of a house.

2. **Objects and Elements Present**:
   - The house facade with windows and a prominent front entrance.
   - A set of stairs leading up to an entrance with a small porch.
   - Railings along the stairs and porch.
   - A paved patio area with a chair.
   - A patch of grass with a small amount of snow.

3. **Spatial Analysis**:
   - The stairs are centered in the image, leading from the ground up to the entrance.
   - The front door is at the top of the stairs.
   - Windows are located both on the ground level and next to the door.
   - The patio with a chair is to the left of the stairs, and the lawn is in front of and to the right.
  
4. **Safety Concerns or Obstacles**:
   - The stairs could be hazardous if slippery or not maintained.
   - The patch of snow on the grass suggests potential for ice, adding a slip risk.
  
5. **Critical Status Information**:
   - The door at the top of the stairs is the access point to the house.
   - Ensure safe navigation of the stairs, especially mindful of potential ice.

**Concise Description**:
The scene shows the front of a house with stairs leading to an entrance. The stairs have railings, ensuring safer navigation. A patio with a chair is on the left,",7.031690835952759,1369,True,,2025-11-22T22:35:55.382150
OUTDOOR_Navigation_StreetsideBikeRack_TrafficBarrier_UrbanStreet.png,outdoor,GPT-4V,CoT,"**Step-by-step Analysis**:

1. **Scene Identification**:
   - This is an urban street scene.

2. **Object Detection**:
   - There are several bicycles parked.
   - Yellow safety posts and a barrier are around the bicycles.
   - Cars are visible on the street.

3. **Spatial Analysis**:
   - The bicycles are on the right side of the sidewalk, enclosed in a barricade with yellow posts.
   - The street runs alongside the sidewalk, with cars driving past.

4. **Safety Assessment**:
   - The yellow barricade clearly separates the bicycles from the street, providing a safety barrier.
   - Cars are moving close to the bicycle area, so caution is advised when crossing or retrieving bikes.

5. **Status Information**:
   - Traffic is active, indicating a need for awareness of approaching vehicles when near the street or bicycles.

**Concise Description**:
On a sidewalk, there is a designated bicycle parking area enclosed by yellow safety posts. The bicycles are securely parked, and the barricade provides a buffer from the adjacent active street, where cars are passing by. Exercise caution due to the proximity to moving traffic.",4.48885178565979,795,True,,2025-11-22T22:36:00.896811
OUTDOOR_CityCrosswalk_OverheadView_CrowdCrossing_Taxis.jpg,outdoor,GPT-4V,CoT,"**Step-by-step Analysis:**

1. **Scene Identification:**
   - The scene depicts a busy urban crosswalk.

2. **Objects and Elements Present:**
   - Pedestrians, crosswalk (zebra stripes), vehicles.

3. **Spatial Location:**
   - The crosswalk runs horizontally across the image.
   - Many pedestrians are scattered across the crosswalk.
   - Two vehicles (yellow taxis) are at the top of the image, waiting.

4. **Safety Concerns or Obstacles:**
   - Pedestrians are within a designated crosswalk, but the presence of vehicles suggests potential traffic movement.
   - No immediate visible obstacles in the crosswalk itself.

5. **Critical Status Information:**
   - Active pedestrian crossing indicates no vehicle movement from the viewer’s position.

**Concise Description:**

This image shows an overhead view of a busy crosswalk filled with pedestrians moving in various directions. The crosswalk runs horizontally, and pedestrians are evenly distributed across it. Vehicles, including yellow taxis, are positioned at the top, presumably waiting for the pedestrians to clear. There are no immediate safety hazards as pedestrians appear within the designated crossing area.",4.281874179840088,965,True,,2025-11-22T22:36:06.188585
OUTDOOR_CrowdedStreetMarket_ClothingVendors_UrbanSetting_Daylight.jpg,outdoor,GPT-4V,CoT,"1. **Scene Identification**: This is an outdoor market scene.

2. **Objects and Elements**: The image contains numerous stalls displaying clothing and other goods. There are many people walking through the market.

3. **Spatial Analysis**: 
   - The market stalls are positioned on both the left and right sides of the street.
   - People are moving through the center aisle between the stalls.
   - Tall trees line the street, providing shade.

4. **Safety Concerns or Obstacles**: The area appears crowded, so navigation through the market may involve maneuvering through groups of people.

5. **Critical Status Information**: The market is lively and bustling, with a dense population of shoppers and vendors.

**Description**: You are in a crowded outdoor market with stalls on both sides displaying clothes and other items. People move through the center aisle between the stalls. Tall trees provide shade overhead. Be aware of the crowded environment as you navigate through the market.",4.478861093521118,1266,True,,2025-11-22T22:36:11.684950
OUTDOOR_Navigation_ComplexIntersection_BikeLane_PedestrianCrossing.jpg,outdoor,GPT-4V,CoT,"Step-by-Step Analysis:

1. **Scene Identification**: This is an outdoor street intersection scene.

2. **Objects and Elements**:
   - Multiple traffic signs.
   - Traffic lights.
   - Bicycle lane markings.
   - Crosswalk markings.
   - A street sign labeled ""Donald St.""
   - Utility pole.

3. **Spatial Location**:
   - Traffic signs and a utility pole are centrally located.
   - Crosswalks and bicycle lanes are marked on the road, leading into the center.
   - Traffic lights are above, attached to poles.

4. **Safety Concerns**:
   - Ensure awareness of vehicle movement through intersection.
   - Clear visibility of bicycle lanes to avoid conflict with vehicles.

5. **Critical Status Information**:
   - Directional signs indicate lanes for vehicles and bicycles.
   - The ""Yield to Bicycles"" sign is important for cyclists and drivers.

Concise Description:

This image shows an intersection in Ottawa, ON, with clear markings for vehicle and bicycle lanes. In the center, there's a utility pole with traffic signs, including one for yielding to bicycles. The crosswalk and bicycle lanes are marked with arrows guiding the flow of traffic. Traffic lights are overhead for vehicle control. Key safety advice: be attentive to the designated lanes for bicycles and vehicles to avoid collisions.",5.479492902755737,1337,True,,2025-11-22T22:36:18.189486
OUTDOOR_Navigation_ConcreteSidewalk_UtilityPoles_ResidentialStreet.jpg,outdoor,GPT-4V,CoT,"1. **Scene Identification**:
   - This is an outdoor street scene.

2. **Objects and Elements**:
   - A sidewalk runs along the right side.
   - Grass and a tree are to the right of the sidewalk.
   - Telephone poles and a road are on the left.
   - A parked car is partially visible near the left edge.
   - There is a sign or marker near the middle-right, partially obscured by the tree.
   - The website URL ""www.pedestrians.org"" is visible at the bottom.

3. **Spatial Analysis**:
   - The sidewalk is parallel to the road, separated by a strip of grass.
   - Telephone poles are aligned along the road, dividing it from the sidewalk.
   - The parked car is behind the telephone pole on the street side.

4. **Safety Concerns**:
   - Watch for potentially uneven grass near the sidewalk.
   - Be aware of the parked car near the road, posing a potential obstruction for drivers or pedestrians.

5. **Status Information**:
   - The path appears clear for pedestrian use along the sidewalk.

**Concise Description**:
There is a sidewalk on the right bordered by grass and trees, running parallel to a road on the left. Telephone poles separate the road from the sidewalk. A car is parked on the left near the poles. There are no immediate obstacles on the path itself.",5.169321060180664,843,True,,2025-11-22T22:36:24.379859
OUTDOOR_Navigation_ModularAccessibilityRamp_Stairs_CommercialBuilding.jpg,outdoor,GPT-4V,CoT,"1. **Scene Identification**: This is an outdoor scene at the entrance of a building.

2. **Objects and Elements Present**: The main features are a ramp and stairs made of metal with handrails. They lead up to a set of double doors.

3. **Spatial Layout**:
   - The ramp is on the left, adjacent to the wall of the building.
   - The stairs are on the right of the ramp.
   - Both lead to a platform in front of the double doors.

4. **Safety Concerns or Obstacles**: The metal ramps and stairs look sturdy, but the surface might be slippery when wet. The area beyond the platform is open, without barriers. Ensure the ramp is clear of debris.

5. **Critical Status Information**: The doors appear to have caution signs, which may indicate restricted access or important instructions.

**Prioritized Description**:
A metal ramp on the left and stairs on the right lead to a platform in front of double doors on a building's exterior. The setup includes handrails for support. The area looks well-constructed but might be slippery when wet. The doors have caution signs, suggesting potentially important information or restricted access.",5.324861288070679,1651,True,,2025-11-22T22:36:30.731773
OUTDOOR_Navigation_PedestrianCrosswalk_SuburbanStreet_PersonCrossing.jpg,outdoor,GPT-4V,CoT,"**Scene Identification:**
This is an urban street scene.

**Object Detection:**
- A pedestrian with a light blue backpack crossing the street.
- Several parked cars along the right side of the street.
- Crosswalk lines painted on the road.

**Spatial Analysis:**
- The pedestrian is in the center of the image, walking away from the viewer toward the other side of the street.
- Cars are parked parallel to the sidewalk on the right side.
- The crosswalk is extending across the road.

**Safety Assessment:**
- The pedestrian is using the designated crosswalk, which is safe.
- No visible vehicles in motion, suggesting a relatively safe crossing environment.

**Status Information:**
- The street appears quiet with no imminent hazards.
- The scene is well-lit, indicating it’s daytime.

**Description:**
A person with a light blue backpack is crossing a street using the crosswalk. Cars are parked along the right side of the street, but there are no moving vehicles, making the crossing seem safe. The environment is quiet and the scene is well-lit, indicating daytime.",5.065960168838501,1629,True,,2025-11-22T22:36:36.822630
OUTDOOR_Navigation_StonePatio_CurvedStairs_MultiLevelAccess.jpg,outdoor,GPT-4V,CoT,"1. **Scene Identification**:
   - This is an outdoor residential patio.

2. **Objects and Elements**:
   - Stone patio with curved steps.
   - Outdoor dining set with a small table and chairs.
   - Barbecue grill on a stone counter.
   - Fire pit with seating.
   - Plants and greenery around the area.

3. **Spatial Analysis**:
   - The patio is in the center with curved steps leading down from a stone structure.
   - The dining set is to the right, near the house wall.
   - The grill is on top of the stone counter to the left of the steps.
   - The fire pit is further left, surrounded by chairs.

4. **Safety Concerns**:
   - Be cautious of the steps, which may pose a tripping hazard.
   - The fire pit, when in use, is a safety consideration.

5. **Critical Status Information**:
   - The patio is clean with well-maintained furniture and plants.

**Concise Description**:
You are looking at a stone patio in a backyard with curved steps leading down from the house. A small table and chairs are on the right near the wall, and a grill is set on a stone counter to the left. There's a fire pit with surrounding seating on the far left. The area is landscaped with greenery, but the steps and fire pit require careful navigation.",6.854427814483643,1691,True,,2025-11-22T22:36:44.694239
TEXT_AccessRules_PoolGateSign_RegulatoryText_ApartmentComplex.jpg,text,GPT-4V,CoT,"1. **Scene Identification**: This is an outdoor area, specifically the entrance to a pool or spa facility.

2. **Objects and Elements**: 
   - A gate with signage.
   - Buildings, pool, and patio elements in the background.
   - Notices and instructions on the gate.

3. **Spatial Layout**: 
   - The gate is in the foreground, centrally located.
   - The pool area is visible behind the gate.
   - Buildings are in the background, indicating an urban or residential setting.
   
4. **Safety Concerns**:
   - The gate must be kept locked for safety, indicated by the sign to protect children.

5. **Critical Status Information**:
   - Pool and spa hours are 8am to 10pm.
   - Access is for residents and their guests only.
   - Guests must be accompanied by a resident, with a limit of two guests per apartment.
   - Health notice about not allowing anyone with recent diarrhea to enter the pool.

**Concise Description**:
The image shows a gated entrance to a pool and spa, with operating hours from 8am to 10pm. Entry is restricted to residents and their guests, with specific health and safety notices on the gate. The area is secured by the locked gate with surrounding residential structures.",6.318141937255859,1675,True,,2025-11-22T22:36:52.027768
TEXT_CarDashboard_InstrumentCluster_WarningLights_ActiveDisplay.jpg,text,GPT-4V,CoT,"**Scene Identification:**
This is a car dashboard, specifically the instrument cluster.

**Objects and Elements:**
- Speedometer (left)
- Tachometer (right)
- Various warning and indicator lights
- Fuel and temperature gauges

**Spatial Analysis:**
- The speedometer is centered on the left, showing a current speed around 80 km/h.
- The tachometer is centered on the right, indicating engine RPM.
- Multiple warning and status lights are scattered throughout; the most critical ones are in the center and sides.

**Safety Concerns:**
- Warning lights, such as tire pressure and brake warnings, are illuminated. 
- An ABS warning light is also on.

**Critical Status Information:**
- The central display includes a lane departure warning.
- Multiple warning lights suggest mechanical or safety issues that need attention.

**Concise Description:**
The dashboard shows the vehicle traveling at approximately 80 km/h, with engine RPM displayed on the right. Important warning lights are activated: tire pressure, brake system, and ABS. A lane departure symbol appears in the center. Immediate attention to the warnings is advised to ensure vehicle safety and function.",7.490412950515747,1641,True,,2025-11-22T22:37:00.530857
TEXT_ChalkboardMenu_HandwrittenCoffeePrices_CafeDrinks.jpg,text,GPT-4V,CoT,"### Step-by-Step Analysis:

1. **Scene Identification**:
   - This is a menu display scene, likely from a coffee shop or cafe.

2. **Objects and Elements**:
   - The main object is a chalkboard menu presenting various coffee and hot drink options.
   - Text elements include drink names, prices, types of syrups, and milk options.

3. **Spatial Layout**:
   - The chalkboard has a decorative header with the text ""Coffee and Hot Drinks.""
   - Beneath the header, the menu is divided into sections:
     - Coffee options on the top left with corresponding prices on the right.
     - A second section lists other hot drinks below the coffee options, also with prices to the right.
   - Additional options for syrups and milk are at the bottom.

4. **Safety Concerns**:
   - There are no apparent physical safety concerns or obstacles in the image.

5. **Critical Status Information**:
   - Prices vary slightly depending on size or option. Additional charges for syrups and alternative milk are listed.

### Concise Description:

The image shows a chalkboard menu with decorative lettering for a coffee shop. The menu lists various drinks like Flat White, Cappuccino, Latte, and more, with prices ranging from $3.50 to $5.00. Other drinks include Hot Chocolate and an assortment of lattes and teas. Syrup flavors (vanilla, caramel, hazelnut) and milk options (soy",8.699915885925293,1369,True,,2025-11-22T22:37:10.252044
TEXT_MenuBoard_RestaurantPricing_MultipleSections_MountedSign.jpg,text,GPT-4V,CoT,"### Step-by-Step Analysis

1. **Scene Identification**: This is a food menu display inside a restaurant.
   
2. **Objects and Elements**: 
   - Multiple menu boards.
   - Categories include ""Outlaw Burritos,"" ""Tacos,"" ""Wild Loaded Tots,"" ""Salads,"" and ""Sides & Stuff.""

3. **Spatial Layout**:
   - **Left Board**: ""Outlaw Burritos"" features selections like California, Gold Rush, Bank Heist, Veggie, Bangin' Baja Fish, and Boomtown Breakfast Burrito with prices mostly around $11-12.
   - **Middle Board**: ""Tacos"" offers Carne Asada, Chicken, Pulled Pork, and Fish Taco, all priced around $5.50 to $5.75. Below, the ""Texas Tumbleweed"" salad is listed for $12.50.
   - **Right Board**: ""Wild Loaded Tots"" and ""Sides & Stuff,"" including items like Locked & Loaded, Santa Fe, and additional sides for kids and dessert options, such as ice cream sandwiches.

4. **Safety Concerns**: None visible in this image. It's a straightforward menu display.

5. **Critical Status Information**:
   - Prices for each menu item.
   - Description of ingredients in each dish.

### Concise Description

The image shows a restaurant menu with several boards listing food categories. The left board features burritos like “California” and",6.035793781280518,1709,True,,2025-11-22T22:37:17.299894
TEXT_Navigation_SupermarketEntrance_KrogerFacade_WayfindingSign.jpg,text,GPT-4V,CoT,"1. **Scene Identification**: This is a storefront scene.

2. **Objects and Elements**: The image shows the entrance of a store with the name ""Kroger"" displayed prominently above the doors. The logo includes a stylized shopping cart. The store has large glass entry doors.

3. **Spatial Analysis**: The building is white with an arched entrance. The ""Kroger"" sign is centered above the entrance. Beneath the arch are double glass doors.

4. **Safety Concerns or Obstacles**: There are no apparent obstacles or hazards in front of the store. The ground appears flat, likely with a pathway leading to the doors.

5. **Critical Status Information**: The store appears to be a grocery store, indicated by the ""Kroger"" name and shopping cart logo. Entry seems accessible with standard glass doors.

---

**Description**: The image shows the entrance of a Kroger grocery store. The building is white with a blue ""Kroger"" sign and a shopping cart logo above the archway over the entrance. The entrance has double glass doors in the center, and the ground is flat, likely with a path leading to the doors. No immediate safety concerns are visible.",4.441327810287476,976,True,,2025-11-22T22:37:22.752050
TEXT_OpenBook_PrintedParagraphs_YellowedPaper_SpineCurvature.jpg,text,GPT-4V,CoT,"**Step-by-Step Analysis:**

1. **Scene Identification:**
   - The image depicts a close-up view of an open book.

2. **Objects and Elements:**
   - Text is visible on both pages, with distinct paragraphs and sentences.

3. **Spatial Location:**
   - The book is open, with a visible crease in the center. Text is slanted and fills the pages from left to right.

4. **Safety Concerns:**
   - There are no safety concerns in the image.

5. **Status Information:**
   - The image clearly shows the text of a book, though specific content is not entirely legible due to perspective.

**Concise Description:**

The image shows a close-up view of an open book with text on both pages. The pages are spread open, with the text aligned in paragraphs. There's no safety concern in this scene. The focus is on the layout and texture of the pages, giving a glimpse of printed text.",5.645106077194214,1608,True,,2025-11-22T22:37:29.424763
TEXT_RetailShelf_CandyBarProducts_PricingLabels_DenseDisplay.jpg,text,GPT-4V,CoT,"1. **Scene Identification**: This is a retail display in a store, specifically a shelf with candy bars.

2. **Objects and Elements**: The shelf contains several types of candy bars, including ""Eat-More,"" ""Bounty,"" ""Twix,"" ""KitKat Chunky,"" and ""Mr. Big."" Price labels are visible below each item.

3. **Spatial Location**: 
   - Top row: ""Eat-More"" on the left, ""Bounty"" in the center, ""Twix"" on the right.
   - Bottom row: ""KitKat Chunky"" on the left, with some other brands, including ""Mr. Big,"" on the right.

4. **Safety Concerns**: There are no immediate safety concerns or obstacles. The shelf appears orderly.

5. **Status Information**: Each candy bar is priced at $0.89 except ""Mr. Big,"" which is priced at $0.99. The prices are displayed on labels below the products.

---

**Concise Description**: The image shows a neatly organized candy shelf in a store. The top row features ""Eat-More,"" ""Bounty,"" and ""Twix"" bars, each priced at $0.89. The bottom row includes ""KitKat Chunky"" and ""Mr. Big,"" with ""Mr. Big"" priced at $0.99. All price labels are clearly displayed below the products.",5.596996068954468,1021,True,,2025-11-22T22:37:36.042276
TEXT_TimesSquare_DigitalBillboards_Night_AdvertisingDensity.jpg,text,GPT-4V,CoT,"1. **Scene Identification**: This is a nighttime urban scene, likely in a busy area with large digital billboards, similar to Times Square in New York City.

2. **Objects and Elements**: There are several large, bright digital billboards displaying various advertisements. Some ads include a show on Hulu, a food ad, and selfies on display. There are also smaller signs for businesses like ""pele soccer"" at street level.

3. **Spatial Analysis**: 
   - The largest billboard is centrally located, featuring an ad for a show called ""Drop Dead Years"" streaming on Hulu.
   - To the right, there’s another large screen displaying a photo of two people.
   - Below the billboards, there are storefront signs, including ""pele soccer.""

4. **Safety Concerns or Obstacles**: The crowded area and bright lights might distract drivers or pedestrians. There don't appear to be immediate physical hazards visible.

5. **Status Information**: Advertisements and business signs dominate the scene. There are no immediate actions required or critical status updates.

---

### Concise Description:

This image shows a bustling nighttime scene filled with bright digital billboards and advertisements. The central billboard advertises a Hulu show called ""Drop Dead Years,"" and another prominent screen displays a photo of two people. Storefront signs below show brands like ""pele soccer."" The area is typical of a lively, commercial urban space, similar to Times Square, with no immediate safety hazards visible.",6.677689790725708,1027,True,,2025-11-22T22:37:43.732239
TEXT_WeatheredWarningSign_NoParking_Roadside_FadingPrint.jpg,text,GPT-4V,CoT,"1. **Scene Identification**: The image is an outdoor roadside scene.
2. **Objects and Elements**: Two ""NO PARKING"" signs are present.
3. **Spatial Location**: The first sign is in the foreground, slightly to the right. The second sign is further back on the left side near the road.
4. **Safety Concerns**: There are no immediate hazards in view.
5. **Critical Status**: The signs indicate that parking is prohibited in this area.

**Description**: The image shows a roadside area with two ""NO PARKING"" signs. One sign is prominently in the foreground on the right, with a second sign further back on the left near the road. The setting is outdoors, with some grass and fallen leaves, suggesting an autumn scene. Parking is not allowed in this location.",3.8226819038391113,1238,True,,2025-11-22T22:37:48.570613
TEXT_WoodenCrate_StencilText_BAKERAndCo_VintageCocoa.jpg,text,GPT-4V,CoT,"**Analysis:**

1. **Scene Identification**: This is an indoor decorative scene.
2. **Objects and Elements**: The main objects are a wooden crate and a glass jar with white candles.
3. **Spatial Layout**: 
   - The wooden crate is positioned centrally and has text on its side.
   - The text reads “BAKER & CO. LTD. BREAKFAST COCOA.”
   - The glass jar with white candles is to the right of the crate.
   - The background includes part of another wooden object and possibly dried flowers.
4. **Safety Concerns**: No immediate safety concerns are visible.
5. **Status Information**: The emphasis is on the decorative arrangement and the text on the crate.

**Description:**

In front of you is a rustic wooden crate with the words ""BAKER & CO. LTD. BREAKFAST COCOA"" stenciled on the front. To its right is a clear glass jar holding several tall white candles. The overall setting appears to be decorative, with no immediate safety concerns.",4.695072889328003,944,True,,2025-11-22T22:37:54.279463
